{"x": [-1.0, -0.9, -0.8, -0.7, -0.6, -0.5, -0.3999999999999999, -0.29999999999999993, -0.19999999999999996, -0.09999999999999998, 0.0, 0.10000000000000009, 0.20000000000000018, 0.30000000000000004, 0.40000000000000013, 0.5, 0.6000000000000001, 0.7000000000000002, 0.8, 0.9000000000000001, 1.0], "y_sim": [0.8981462390204986, 0.9626352718795768, 0.9983319421247958, 0.9746794344808963, 0.9291573243177569, 0.834665601703261, 0.7438637868140466, 0.5887840577551898, 0.43969686527576396, 0.19148542155126763, 0.0, 0.16329931618554522, 0.43204937989385733, 0.5744562646538028, 0.732575365861197, 0.8225975119502044, 0.939858145324779, 0.9865765724632495, 0.9983319421247958, 0.9660917830792959, 0.9273618495495703], "y_actual": [-0.9092974268256817, -0.9738476308781951, -0.9995736030415051, -0.9854497299884601, -0.9320390859672263, -0.8414709848078965, -0.7173560908995227, -0.5646424733950353, -0.3894183423086504, -0.19866933079506116, 0.0, 0.19866933079506138, 0.3894183423086508, 0.5646424733950355, 0.7173560908995229, 0.8414709848078965, 0.9320390859672264, 0.9854497299884603, 0.9995736030415051, 0.9738476308781951, 0.9092974268256817]}