{"x": [-1.0, -0.9, -0.8, -0.7, -0.6, -0.5, -0.3999999999999999, -0.29999999999999993, -0.19999999999999996, -0.09999999999999998, 0.0, 0.10000000000000009, 0.20000000000000018, 0.30000000000000004, 0.40000000000000013, 0.5, 0.6000000000000001, 0.7000000000000002, 0.8, 0.9000000000000001, 1.0], "y_sim": [0.9055385138137416, 0.99498743710662, 1.0, 0.9848857801796105, 0.9433981132056604, 0.8660254037844386, 0.6708203932499369, 0.5, 0.4, 0.22360679774997896, 0.0, 0.2449489742783178, 0.37416573867739417, 0.5477225575051661, 0.7549834435270749, 0.8544003745317531, 0.9433981132056604, 0.99498743710662, 1.0, 0.9797958971132712, 0.9327379053088815], "y_actual": [-0.9092974268256817, -0.9738476308781951, -0.9995736030415051, -0.9854497299884601, -0.9320390859672263, -0.8414709848078965, -0.7173560908995227, -0.5646424733950353, -0.3894183423086504, -0.19866933079506116, 0.0, 0.19866933079506138, 0.3894183423086508, 0.5646424733950355, 0.7173560908995229, 0.8414709848078965, 0.9320390859672264, 0.9854497299884603, 0.9995736030415051, 0.9738476308781951, 0.9092974268256817]}