{"x": [-1.0, -0.9, -0.8, -0.7, -0.6, -0.5, -0.3999999999999999, -0.29999999999999993, -0.19999999999999996, -0.09999999999999998, 0.0, 0.10000000000000009, 0.20000000000000018, 0.30000000000000004, 0.40000000000000013, 0.5, 0.6000000000000001, 0.7000000000000002, 0.8, 0.9000000000000001, 1.0], "y_sim": [0.8916277250063505, 0.9772410142846032, 1.0, 0.9746794344808963, 0.9, 0.8426149773176358, 0.7211102550927979, 0.6363961030678927, 0.3391164991562634, 0.22360679774997896, 0.0, 0.18708286933869708, 0.4183300132670378, 0.5049752469181039, 0.7035623639735145, 0.8185352771872451, 0.9460443964212251, 0.9874208829065749, 1.0, 0.9746794344808963, 0.8774964387392122], "y_actual": [-0.9092974268256817, -0.9738476308781951, -0.9995736030415051, -0.9854497299884601, -0.9320390859672263, -0.8414709848078965, -0.7173560908995227, -0.5646424733950353, -0.3894183423086504, -0.19866933079506116, 0.0, 0.19866933079506138, 0.3894183423086508, 0.5646424733950355, 0.7173560908995229, 0.8414709848078965, 0.9320390859672264, 0.9854497299884603, 0.9995736030415051, 0.9738476308781951, 0.9092974268256817]}