{"x": [-1.0, -0.9, -0.8, -0.7, -0.6, -0.5, -0.3999999999999999, -0.29999999999999993, -0.19999999999999996, -0.09999999999999998, 0.0, 0.10000000000000009, 0.20000000000000018, 0.30000000000000004, 0.40000000000000013, 0.5, 0.6000000000000001, 0.7000000000000002, 0.8, 0.9000000000000001, 1.0], "y_sim": [0.997652946224104, 1.0360765975298596, 1.0266055168560106, 1.0911781193774799, 1.0547636575881625, 0.9678346527067904, 0.7900194020544125, 0.6981259590170205, 0.44084285636224885, 0.46246973167492833, 0.4180987865275053, 0.34087990431559756, 0.6548071231468644, 0.711980114443717, 0.8143723429992692, 0.905256285656692, 0.826279699467422, 1.063984117399603, 1.0454618810166656, 1.100093412814579, 0.9778751166125087], "y_actual": [-0.9092974268256817, -0.9738476308781951, -0.9995736030415051, -0.9854497299884601, -0.9320390859672263, -0.8414709848078965, -0.7173560908995227, -0.5646424733950353, -0.3894183423086504, -0.19866933079506116, 0.0, 0.19866933079506138, 0.3894183423086508, 0.5646424733950355, 0.7173560908995229, 0.8414709848078965, 0.9320390859672264, 0.9854497299884603, 0.9995736030415051, 0.9738476308781951, 0.9092974268256817]}