{"x": [-1.0, -0.9, -0.8, -0.7, -0.6, -0.5, -0.3999999999999999, -0.29999999999999993, -0.19999999999999996, -0.09999999999999998, 0.0, 0.10000000000000009, 0.20000000000000018, 0.30000000000000004, 0.40000000000000013, 0.5, 0.6000000000000001, 0.7000000000000002, 0.8, 0.9000000000000001, 1.0], "y_sim": [0.9844664460399752, 1.0900034587398355, 1.0799139800910913, 1.0385763629708178, 1.0064595643719745, 0.9844664460399752, 0.8910822061008737, 0.6823690079423762, 0.558904386563485, 0.5967920782459754, 0.3704422059794558, 0.22283196650488857, 0.49668310451840225, 0.7289084098884648, 0.6823690079423762, 0.9389360152343128, 1.0697293436788389, 1.1197265501320721, 1.059446805204932, 1.1197265501320721, 1.0172778334282366], "y_actual": [-0.9092974268256817, -0.9738476308781951, -0.9995736030415051, -0.9854497299884601, -0.9320390859672263, -0.8414709848078965, -0.7173560908995227, -0.5646424733950353, -0.3894183423086504, -0.19866933079506116, 0.0, 0.19866933079506138, 0.3894183423086508, 0.5646424733950355, 0.7173560908995229, 0.8414709848078965, 0.9320390859672264, 0.9854497299884603, 0.9995736030415051, 0.9738476308781951, 0.9092974268256817]}