{"x": [-1.0, -0.9, -0.8, -0.7, -0.6, -0.5, -0.3999999999999999, -0.29999999999999993, -0.19999999999999996, -0.09999999999999998, 0.0, 0.10000000000000009, 0.20000000000000018, 0.30000000000000004, 0.40000000000000013, 0.5, 0.6000000000000001, 0.7000000000000002, 0.8, 0.9000000000000001, 1.0], "y_sim": [0.1, 0.1, 0.1, 0.0, 0.0, 0.0, 0.17320508075688773, 0.34641016151377546, 0.282842712474619, 0.2, 0.0, 0.2, 0.2645751311064591, 0.22360679774997896, 0.2, 0.1, 0.0, 0.0, 0.1, 0.0, 0.1], "y_actual": [0.1, 0.11111111111111112, 0.125, 0.14285714285714288, 0.16666666666666669, 0.2, 0.25000000000000006, 0.3333333333333334, 0.5000000000000001, 1.0000000000000002, Infinity, 0.9999999999999992, 0.4999999999999996, 0.3333333333333333, 0.24999999999999994, 0.2, 0.16666666666666666, 0.14285714285714282, 0.125, 0.1111111111111111, 0.1]}