{"x": [-1.0, -0.9, -0.8, -0.7, -0.6, -0.5, -0.3999999999999999, -0.29999999999999993, -0.19999999999999996, -0.09999999999999998, 0.0, 0.10000000000000009, 0.20000000000000018, 0.30000000000000004, 0.40000000000000013, 0.5, 0.6000000000000001, 0.7000000000000002, 0.8, 0.9000000000000001, 1.0], "y_sim": [0.9837630835060206, 1.1380374290611597, 1.1380374290611597, 1.0057012756608803, 1.048201106018887, 1.016492833995521, 0.8401894405962178, 0.7865289526114658, 0.5787345325949343, 0.4752057772441924, 0.4516612724464352, 0.0, 0.5595632524742428, 0.6825462719902741, 0.7138029593693691, 0.9837630835060206, 0.9499062729418634, 1.0990171459767304, 1.0990171459767304, 1.048201106018887, 1.0057012756608803], "y_actual": [-0.9092974268256817, -0.9738476308781951, -0.9995736030415051, -0.9854497299884601, -0.9320390859672263, -0.8414709848078965, -0.7173560908995227, -0.5646424733950353, -0.3894183423086504, -0.19866933079506116, 0.0, 0.19866933079506138, 0.3894183423086508, 0.5646424733950355, 0.7173560908995229, 0.8414709848078965, 0.9320390859672264, 0.9854497299884603, 0.9995736030415051, 0.9738476308781951, 0.9092974268256817]}