{"x": [-1.0, -0.9, -0.8, -0.7, -0.6, -0.5, -0.3999999999999999, -0.29999999999999993, -0.19999999999999996, -0.09999999999999998, 0.0, 0.10000000000000009, 0.20000000000000018, 0.30000000000000004, 0.40000000000000013, 0.5, 0.6000000000000001, 0.7000000000000002, 0.8, 0.9000000000000001, 1.0], "y_sim": [1.0, 0.8717797887081347, 0.8020806277010643, 0.732575365861197, 0.6137317546507323, 0.49328828623162474, 0.408248290463863, 0.2943920288775949, 0.2, 0.12909944487358055, 0.0, 0.05773502691896258, 0.19148542155126763, 0.27688746209726917, 0.408248290463863, 0.5131601439446883, 0.5744562646538028, 0.7, 0.806225774829855, 0.9018499505645788, 1.0], "y_actual": [-0.9092974268256817, -0.9738476308781951, -0.9995736030415051, -0.9854497299884601, -0.9320390859672263, -0.8414709848078965, -0.7173560908995227, -0.5646424733950353, -0.3894183423086504, -0.19866933079506116, 0.0, 0.19866933079506138, 0.3894183423086508, 0.5646424733950355, 0.7173560908995229, 0.8414709848078965, 0.9320390859672264, 0.9854497299884603, 0.9995736030415051, 0.9738476308781951, 0.9092974268256817]}