{"x": [-1.0, -0.9, -0.8, -0.7, -0.6, -0.5, -0.3999999999999999, -0.29999999999999993, -0.19999999999999996, -0.09999999999999998, 0.0, 0.10000000000000009, 0.20000000000000018, 0.30000000000000004, 0.40000000000000013, 0.5, 0.6000000000000001, 0.7000000000000002, 0.8, 0.9000000000000001, 1.0], "y_sim": [0.9564230748153327, 1.0539561325841624, 1.0446126967802516, 1.0256705123966467, 1.0539561325841624, 0.9251602934775416, 0.7625036161920036, 0.6664509454904374, 0.571410363855582, 0.3020193475168598, 0.11306773954355921, 0.33290168129909564, 0.6047524205789327, 0.6952499903053633, 0.7877991184181358, 0.8928034717762282, 1.0723988137284908, 1.0723988137284908, 1.099482944432536, 1.0351849318538475, 0.9965823952831172], "y_actual": [-0.9092974268256817, -0.9738476308781951, -0.9995736030415051, -0.9854497299884601, -0.9320390859672263, -0.8414709848078965, -0.7173560908995227, -0.5646424733950353, -0.3894183423086504, -0.19866933079506116, 0.0, 0.19866933079506138, 0.3894183423086508, 0.5646424733950355, 0.7173560908995229, 0.8414709848078965, 0.9320390859672264, 0.9854497299884603, 0.9995736030415051, 0.9738476308781951, 0.9092974268256817]}