{"x": [-1.0, -0.9, -0.8, -0.7, -0.6, -0.5, -0.3999999999999999, -0.29999999999999993, -0.19999999999999996, -0.09999999999999998, 0.0, 0.10000000000000009, 0.20000000000000018, 0.30000000000000004, 0.40000000000000013, 0.5, 0.6000000000000001, 0.7000000000000002, 0.8, 0.9000000000000001, 1.0], "y_sim": [0.1, 0.08944271909999159, 0.06324555320336758, 0.07745966692414834, 0.06324555320336758, 0.1414213562373095, 0.1414213562373095, 0.1, 0.3065941943351178, 0.40987803063838396, 0.0, 0.4449719092257398, 0.3255764119219941, 0.12649110640673517, 0.1, 0.11832159566199232, 0.07745966692414834, 0.07745966692414834, 0.0, 0.07745966692414834, 0.1], "y_actual": [0.05, 0.05555555555555556, 0.0625, 0.07142857142857144, 0.08333333333333334, 0.1, 0.12500000000000003, 0.1666666666666667, 0.25000000000000006, 0.5000000000000001, NaN, 0.4999999999999996, 0.2499999999999998, 0.16666666666666666, 0.12499999999999997, 0.1, 0.08333333333333333, 0.07142857142857141, 0.0625, 0.05555555555555555, 0.05]}