{"x": [-1.0, -0.9, -0.8, -0.7, -0.6, -0.5, -0.3999999999999999, -0.29999999999999993, -0.19999999999999996, -0.09999999999999998, 0.0, 0.10000000000000009, 0.20000000000000018, 0.30000000000000004, 0.40000000000000013, 0.5, 0.6000000000000001, 0.7000000000000002, 0.8, 0.9000000000000001, 1.0], "y_sim": [0.916515138991168, 0.9746794344808963, 0.993310961716756, 0.9814954576223638, 0.9183318209303941, 0.8286535263104036, 0.7118052168020874, 0.5715476066494082, 0.3511884584284246, 0.20816659994661327, 0.0, 0.21602468994692867, 0.3872983346207417, 0.565685424949238, 0.725718035235908, 0.8386497083606083, 0.9363047936792093, 0.9797958971132712, 0.99498743710662, 0.976387901058454, 0.9073771725877466], "y_actual": [-0.9092974268256817, -0.9738476308781951, -0.9995736030415051, -0.9854497299884601, -0.9320390859672263, -0.8414709848078965, -0.7173560908995227, -0.5646424733950353, -0.3894183423086504, -0.19866933079506116, 0.0, 0.19866933079506138, 0.3894183423086508, 0.5646424733950355, 0.7173560908995229, 0.8414709848078965, 0.9320390859672264, 0.9854497299884603, 0.9995736030415051, 0.9738476308781951, 0.9092974268256817]}